{
    "sources": {
        "src.0": {
            "x": 4889.38218603164,
            "y": 0.0
        },
        "src.1": {
            "x": 5670.032220934283,
            "y": 0.0
        },
        "src.2": {
            "x": 6253.270013497842,
            "y": 0.0
        },
        "src.3": {
            "x": 4550.405479444184,
            "y": 0.0
        },
        "src.4": {
            "x": 7423.0538861562545,
            "y": 0.0
        },
        "src.5": {
            "x": 5779.569909832837,
            "y": 0.0
        },
        "src.6": {
            "x": 7951.135339669413,
            "y": 0.0
        },
        "src.7": {
            "x": 5470.397178740622,
            "y": 0.0
        },
        "src.8": {
            "x": 5853.934808172473,
            "y": 0.0
        },
        "src.9": {
            "x": 7747.077028080812,
            "y": 0.0
        },
        "src.10": {
            "x": 7254.864638301502,
            "y": 0.0
        },
        "src.11": {
            "x": 7951.356958380432,
            "y": 0.0
        },
        "src.12": {
            "x": 7073.6763203530645,
            "y": 0.0
        },
        "src.13": {
            "x": 6839.8689566824905,
            "y": 0.0
        },
        "src.14": {
            "x": 5383.259997047894,
            "y": 0.0
        },
        "src.15": {
            "x": 13871.390717651399,
            "y": 0.0
        },
        "src.16": {
            "x": 12412.371358864477,
            "y": 0.0
        },
        "src.17": {
            "x": 14152.691395090907,
            "y": 0.0
        },
        "src.18": {
            "x": 13800.801416170416,
            "y": 0.0
        },
        "src.19": {
            "x": 12310.73599988975,
            "y": 0.0
        },
        "src.20": {
            "x": 14853.809544277035,
            "y": 0.0
        },
        "src.21": {
            "x": 12367.533761222012,
            "y": 0.0
        },
        "src.22": {
            "x": 14265.444845061294,
            "y": 0.0
        },
        "src.23": {
            "x": 13637.27348069241,
            "y": 0.0
        },
        "src.24": {
            "x": 13302.409177600955,
            "y": 0.0
        },
        "src.25": {
            "x": 13156.218456895274,
            "y": 0.0
        },
        "src.26": {
            "x": 13821.242568289452,
            "y": 0.0
        },
        "src.27": {
            "x": 12269.436281111293,
            "y": 0.0
        },
        "src.28": {
            "x": 14264.729491964343,
            "y": 0.0
        },
        "src.29": {
            "x": 13353.380735580344,
            "y": 0.0
        }
    },
    "receivers": {
        "XX.0": {
            "x": 10000.0,
            "y": -20.0
        },
        "XX.1": {
            "x": 10000.0,
            "y": 0.0
        }
    }
}